Year,Indirect_m3,Direct_m3,Total_m3,Indirect_bn_m3,Direct_bn_m3,Total_bn_m3,Scarce_TWF_bn_m3,Outbound_bn_m3,Net_TWF_bn_m3,Indirect_pct,Direct_pct,USD_INR_Rate
2015,5153412699.923218,1844115249.0,6997527948.923218,5.1534,1.8441,6.9975,2.77186,0.0,-0.65612,73.6,26.4,64.15
2019,5760820540.445105,2994219400.0,8755039940.445105,5.7608,2.9942,8.755,2.69696,0.0,-0.64485,65.8,34.2,70.41
2022,5384599518.264399,2309038845.0,7693638363.264399,5.3846,2.309,7.6936,2.86531,0.0,-1.16463,70.0,30.0,78.65
