Product_ID,Product_Name,EXIOBASE_Codes,2015,2022,Change_2015_2022_pct
39,Mica,"IN.27,IN.28,IN.29",2799.4106770777157,0.0,-99.99999999999999
