Year,Indirect_m3,Direct_m3,Total_m3,Indirect_bn_m3,Direct_bn_m3,Total_bn_m3,Indirect_pct,Direct_pct,USD_INR_Rate
2015,6419771451.286873,522767726.0,6942539177.286873,6.4198,0.5228,6.9425,92.5,7.5,65.0
2019,6537352753.381908,930257864.0,7467610617.381908,6.5374,0.9303,7.4676,87.5,12.5,70.0
2022,5151494684.555905,856138961.0,6007633645.555905,5.1515,0.8561,6.0076,85.7,14.3,79.5
