Source_Group,Water_m3,Water_pct
Agriculture,5492218418.032417,85.55161908344068
Petroleum,455508554.3025458,7.09540141356959
Electricity,284758719.7500448,4.435651984043195
Manufacturing,187285759.20186546,2.9173275189465375
Mining,0.0,0.0
Services,0.0,0.0
