Source_Group,Water_m3,Scarce_m3,WSI_weight,Water_pct,Scarce_pct,Green_Water_m3
Agriculture,3844287337.4522934,3179225628.073046,0.827,71.39411806602489,71.71660558448582,13317734591.232964
Petroleum,909322980.7596128,740188906.3383248,0.814,16.88747654630983,16.69709610577469,1550.9720806852395
Manufacturing,395441893.57439023,321889701.3695536,0.814,7.343942520387323,7.261150813262695,680778357.1212186
Electricity,235547306.47810343,191735507.47317618,0.814,4.3744628672779475,4.325147496476798,1763428.4718622642
Mining,0.0,0.0,0.814,0.0,0.0,0.0
Services,0.0,0.0,0.0,0.0,0.0,0.0
