Year,Indirect_TWF_m3,Indirect_TWF_billion_m3,Tourism_Demand_crore,Tourism_Demand_USD_M,USD_INR_Rate,Intensity_m3_per_crore,Intensity_m3_per_USD_M,Real_Intensity_m3_per_crore,Top_Sector,Agr_Origin_pct
2015,6419771451.286873,6.419771451286873,928841.0000000001,142898.6,65.0,6911.59353569327,44925.36,6911.59353569327,Processed Fruit/Veg,85.55161908344068
2019,6537352753.381908,6.537352753381908,1403742.3296174114,200534.6,70.0,4657.088851316223,32599.62,5463.769839194573,Processed Fruit/Veg,79.62397617571105
2022,5151494684.555906,5.151494684555907,1497873.4752464315,188411.8,79.5,3439.2054934468865,27341.68,4517.577063565357,Processed Fruit/Veg,76.5088306270336
