Source_Group,Water_m3,Water_pct
Agriculture,3941348342.967518,76.5088306270336
Petroleum,626714846.6272951,12.165689474671801
Manufacturing,366143683.2086878,7.1075232651676865
Electricity,217287811.75240517,4.217956633126893
Mining,0.0,0.0
Services,0.0,0.0
