Year,Type,TWF_m3,TWF_bn_m3,Demand_crore
2022,Inbound,1537412834.8495793,1.5374128348495792,366566.86571834487
2022,Domestic,3614081849.7063274,3.6140818497063276,1131306.6095280868
