Year,Type,TWF_m3,TWF_bn_m3,Demand_crore
2015,Inbound,2304121596.33744,2.30412159633744,235001.0
2015,Domestic,4115649854.9494343,4.115649854949434,693840.0
