Source_Group,Water_m3,Scarce_m3,WSI_weight,Water_pct,Scarce_pct,Green_Water_m3
Agriculture,4180444406.658772,3457227524.306804,0.827,81.1199228565773,81.36139107204494,10666261135.62996
Petroleum,433495957.099287,352865709.0788196,0.814,8.411823045061881,8.304239379799785,0.0
Electricity,365019722.4172955,297126054.04767853,0.814,7.083067933269425,6.992478484884761,0.0
Manufacturing,174452613.74786296,142004427.59076044,0.814,3.385186165091381,3.341891063270513,0.0
Mining,0.0,0.0,0.814,0.0,0.0,0.0
Services,0.0,0.0,0.0,0.0,0.0,0.0
