Year,Type,TWF_m3,TWF_bn_m3,Demand_crore
2019,Inbound,2237113563.980628,2.237113563980628,363889.59202685166
2019,Domestic,4300239189.401281,4.300239189401282,1039852.7375905598
