Source_Group,Water_m3,Scarce_m3,WSI_weight,Water_pct,Scarce_pct
Manufacturing,3156616578.4574366,2569485894.864353,0.814,54.794565397337365,95.27328971993845
Services,2447597508.327184,0.0,0.0,42.48695982010356,0.0
Petroleum,135941971.01543295,110656764.40656242,0.814,2.359767502928142,4.103012978529682
Electricity,20664482.645051584,16820888.873071987,0.814,0.3587072796309493,0.6236973015318611
Agriculture,0.0,0.0,0.827,0.0,0.0
Mining,0.0,0.0,0.814,0.0,0.0
