Source_Group,Water_m3,Water_pct
Agriculture,5205300198.875001,79.62397617571105
Electricity,529260916.27571774,8.095951622037225
Petroleum,496593554.00396544,7.596248401114155
Manufacturing,306198084.2272247,4.683823801137579
Mining,0.0,0.0
Services,0.0,0.0
