Year,Indirect_TWF_m3,Indirect_TWF_billion_m3,Green_TWF_m3,Green_TWF_billion_m3,Blue_plus_Green_TWF_m3,Blue_plus_Green_TWF_billion_m3,Scarce_TWF_m3,Scarce_TWF_billion_m3,Scarce_Blue_Ratio,Tourism_Demand_crore,Tourism_Demand_USD_M,USD_INR_Rate,Intensity_m3_per_crore,Intensity_m3_per_USD_M,Real_Intensity_m3_per_crore,Real_Intensity_available,Top_Sector,Agr_Origin_pct,WSI_Source
2015,5153412699.923217,5.153412699923217,10666261135.629957,10.6663,15819673835.553173,15.8197,2771859786.1190414,2.7718597861190415,0.538,929805.0000000001,144942.3,64.15,5542.466108402532,35554.92,5542.466108402532,True,Processed Fruit/Veg,81.1199228565773,"Kuzma et al. 2023, WRI Aqueduct 4.0"
2019,5760820540.445105,5.7608205404451045,13571964160.760223,13.572,19332784701.20533,19.3328,2696963548.143988,2.696963548143988,0.468,1405015.4556535685,199547.7,70.41,4100.183038744833,28869.39,4810.39918659478,True,Processed Fruit/Veg,70.86309226169664,"Kuzma et al. 2023, WRI Aqueduct 4.0"
2022,5384599518.2644,5.384599518264399,14000277927.79812,14.0003,19384877446.06252,19.3849,2865305576.9683967,2.865305576968397,0.532,1499192.4000289368,190615.7,78.65,3591.6667654935204,28248.46,4717.842952588922,True,Processed Fruit/Veg,71.39411806602489,"Kuzma et al. 2023, WRI Aqueduct 4.0"
