TWF0_m3,TWF1_m3,dTWF_m3,W_effect_m3,L_effect_m3,Y_effect_m3,Sum_effects_m3,Residual_m3,W_effect_pct,L_effect_pct,Y_effect_pct,Residual_pct,Year_from,Year_to,Period
47854674721.14566,76786447883.22617,28931773162.080505,2162695048.0421615,-1285777512.5402312,28031827693.531403,28908745229.033333,23027933.047172546,7.475155552777189,-4.444171137859737,96.88942166279452,0.07959392228801987,2015,2019,2015→2019
