TWF0_m3,TWF1_m3,dTWF_m3,W_effect_m3,L_effect_m3,Y_effect_m3,Sum_effects_m3,Residual_m3,W_effect_pct,L_effect_pct,Y_effect_pct,Residual_pct,Near_cancellation,Instability_ratio,SDA_Method,Year_from,Year_to,Period
5153412699.923217,5760820540.4451065,607407840.5218897,268866106.1558695,-1981363518.8579133,2319905253.2239337,607407840.5218899,-2.384185791015625e-07,44.265,-326.2,381.935,-0.0,False,3.8,six_polar,2015,2019,2015→2019
5760820540.4451065,5384599518.264399,-376221022.18070793,-13809089.876212755,-636374369.2034346,273962436.89893943,-376221022.1807079,-5.960464477539063e-08,-3.67,-169.149,72.82,-0.0,False,1.7,six_polar,2019,2022,2019→2022
