TWF0_m3,TWF1_m3,dTWF_m3,W_effect_m3,L_effect_m3,Y_effect_m3,Sum_effects_m3,Residual_m3,W_effect_pct,L_effect_pct,Y_effect_pct,Residual_pct,Year_from,Year_to,Period
76786447883.22617,75594175793.21387,-1192272090.0122986,-3718316606.209573,-786727500.9863975,3323612885.00135,-1181431222.1946206,-10840867.817677975,-311.86812451268713,-65.98556718527918,278.76295292352825,-0.9092612255618723,2019,2022,2019→2022
