Source_Group,Water_m3,Share_pct
Agriculture,4082279934.77,70.86
Electricity,735332318.9300001,12.76
Petroleum,639202782.71,11.1
Manufacturing,303867439.28000003,5.27
